"","Estimate","Std..Error","df","t.value","Pr...t.."
"(Intercept)",-4.4967439992107,2.94669135300389,41.3903594859675,-1.52603155896415,0.134607941523007
"TankOmegaArag",6.22782028170851,0.99335838553803,51.0450438868094,6.26945961535861,7.71654813380707e-08
"NutLevelMed",0.0359279826383779,3.83235134357527,51.1370491102186,0.0093749187945957,0.992556485541106
"NutLevelHigh",2.46792186473685,3.4617110071903,47.3878775242111,0.712919668802722,0.479391527931525
"TankOmegaArag:NutLevelMed",-1.53199058558937,1.35690007675176,51.0386693982901,-1.12903714270306,0.264161013713679
"TankOmegaArag:NutLevelHigh",-3.54585876681367,1.19598136729521,51.0462547643397,-2.96481104453397,0.00459504696450219
