"","Estimate","Std..Error","df","t.value","Pr...t.."
"(Intercept)",-5.40735382005648,0.702162150699229,163.876510251558,-7.70100441140513,1.21191945368082e-12
"TankOmegaArag",2.7106336520177,0.238750272867078,214.397591519778,11.353426404362,0
"NutLevelMed",0.777339321632305,0.853791921359961,243.503523486032,0.910455231754971,0.363482835959
"NutLevelHigh",3.11307187382565,0.814840292354085,243.956720347479,3.8204687507928,0.000169055016575825
"TankOmegaArag:NutLevelMed",-1.11145217269123,0.28908138914554,215.134682861584,-3.84477249115357,0.000158913384289194
"TankOmegaArag:NutLevelHigh",-1.92882795912969,0.276341953630059,215.434669543355,-6.97985931485387,3.59854368525703e-11
