"","Substrate","SS","MS","NumDF","DenDF","F","P"
"1","Coral",31.5274867238659,15.7637433619329,2,53.9996883396417,0.124462206627644,0.883224188841891
"2","Algae",10.3912073248087,5.19560366240437,2,52.0002979389425,0.0476119696861946,0.953545220888725
"3","Rubble",25.9330542781411,12.9665271390706,2,51.9999629212968,1.13821502029882,0.32824173327773
"4","Sand",80.3906775187642,40.1953387593821,2,51.9999941631646,0.758818424067338,0.473333018029267
"5","Mixed",87.9856509847145,43.9928254923572,2,240.999709531504,0.959677743920589,0.384475039309497
