"","Substrate","SS","MS","NumDF","DenDF","F","P"
"1","Coral",22.7305162683084,11.3652581341542,2,54.000773872418,0.0898191246907714,0.914232777808996
"2","Algae",9.59480153563595,4.79740076781797,2,51.9998436643786,0.0438462913584701,0.957136406978226
"3","Rubble",23.4667616685037,11.7333808342518,2,52.0000517540557,1.02615583042624,0.365523958968219
"4","Sand",86.974528695063,43.4872643475315,2,51.99996256241,0.818820429639885,0.44655562978701
"5","Mixed",89.8401031154386,44.9200515577193,2,240.999761505739,0.980605286372553,0.376575465871585
