"","Substrate","SS","MS","NumDF","DenDF","F","P"
"1","Coral",311.442173395022,155.721086697511,2,20.0000017116398,9.9523844409839,0.00100011948132805
"2","Algae",152.980550302284,76.4902751511421,2,19.9999958161299,9.6125663173214,0.00118756096953732
"3","Rubble",30.4158873041187,15.2079436520594,2,21.9999996059599,6.82880460356806,0.00493145491303815
"4","Sand",404.54365780514,202.27182890257,2,21.9999994865064,33.6259795828128,2.04105271905952e-07
"5","Mixed",18.8293475962052,9.41467379810259,2,103.000075647497,0.636538063628828,0.531189530574437
