"","Substrate","SS","MS","NumDF","DenDF","F","P"
"1","Coral",1229.56392652294,614.781963261472,2,28.0001498073455,3.26563911456861,0.0531171304386417
"2","Algae",869.138734318115,434.569367159058,2,27.9999146760197,2.98970899416639,0.0665563754025278
"3","Rubble",35.2358484403215,17.6179242201607,2,28.0000382807672,0.987041676558517,0.385273972109995
"4","Sand",2111.08811610066,1055.54405805033,2,28.0000212568481,18.5518726725488,7.40845320557071e-06
"5","Mixed",1737.5725085119,868.786254255951,2,136.000254014558,13.5211224475128,4.40793273281948e-06
