"","Substrate","SS","MS","NumDF","DenDF","F","P"
"1","Coral",1228.12067705249,614.060338526245,2,27.9996716486496,3.25500326042495,0.0535776072900278
"2","Algae",830.864257805456,415.432128902728,2,27.9996075795428,2.85952720541187,0.0741239242686689
"3","Rubble",32.3573113593871,16.1786556796936,2,28.0000216731094,0.908630033526504,0.414633286391961
"4","Sand",2141.39793585117,1070.69896792559,2,27.9999160538083,18.4803642761124,7.6402046236268e-06
"5","Mixed",1638.88264484448,819.441322422238,2,135.999952600461,12.7565399181363,8.36608757992519e-06
