"","Substrate","SS","MS","NumDF","DenDF","F","P"
"1","Coral",317.948978674943,158.974489337471,2,20.0000114502299,9.99771047659339,0.000977680054755625
"2","Algae",141.584954598331,70.7924772991656,2,19.9999952401727,9.04000108402967,0.00159709403303787
"3","Rubble",30.3660486259551,15.1830243129776,2,21.9999996854278,6.75926688685796,0.00514806676742197
"4","Sand",389.62720839939,194.813604199695,2,20.0000085300717,34.4687335623835,3.3071284200048e-07
"5","Mixed",17.2990738308729,8.64953691543643,2,103.000105186675,0.587495469594502,0.557568584535359
