"","Substrate","SS","MS","NumDF","DenDF","F","P"
"1","Coral",327.080682053313,163.540341026657,2,27.9999933119066,18.8974722281965,6.39024487147921e-06
"2","Algae",59.8734820105834,29.9367410052917,2,30.0000012831427,34.5881938747126,1.62440527695651e-08
"3","Rubble",6.53732967649441,3.2686648382472,2,30.0000002727422,4.88748127508569,0.0145436069000238
"4","Sand",41.819464742717,20.9097323713585,2,28.0000009153726,3.77902849845593,0.0352435890943578
"5","Mixed",132.465598639514,66.2327993197572,2,135.999996289916,35.4374963332201,4.09672296086683e-13
