"","Substrate","SS","MS","NumDF","DenDF","F","P"
"1","Coral",136.844724514467,68.4223622572333,2,19.9999991251439,13.5701973227366,0.000188959125454136
"2","Algae",21.7279980901151,10.8639990450576,2,22.0000012512969,5.63235290739902,0.0105883651926618
"3","Rubble",1.62965208945439,0.814826044727196,2,21.9999997684414,1.17624404402649,0.327094132624488
"4","Sand",27.7574771704795,13.8787385852397,2,19.9999986505857,6.34593074591726,0.00734350651420868
"5","Mixed",134.501560496891,67.2507802484457,2,102.999998024873,44.8852012509722,9.54791801177635e-15
