"","Substrate","SS","MS","NumDF","DenDF","F","P"
"1","Coral",142.49485422342,71.2474271117098,2,19.9999979180139,13.8196953036301,0.000170074072916249
"2","Algae",17.2660849297963,8.63304246489817,2,21.99999911488,4.37952827415253,0.0250579987409494
"3","Rubble",1.72257062017165,0.861285310085824,2,22.0000010328187,1.21265374757687,0.316525752212322
"4","Sand",23.631557265474,11.815778632737,2,19.9999994840814,6.15253928406699,0.00827164622555365
"5","Mixed",124.048853604951,62.0244268024755,2,102.999998113068,43.7982154292315,1.72084568816899e-14
