"","Substrate","SS","MS","NumDF","DenDF","F","P"
"1","Coral",461.177039953579,230.58851997679,2,51.9999912743482,32.2367471478372,7.8375927969887e-10
"2","Algae",65.632337828497,32.8161689142485,2,54.0000016832194,21.9208046172138,1.07274033545046e-07
"3","Rubble",7.47257552208097,3.73628776104048,2,54.0000024956359,5.53125301341823,0.00652679925215138
"4","Sand",57.470371887361,28.7351859436805,2,53.9999843138709,6.92094237641699,0.00210954196001856
"5","Mixed",255.701382751059,127.85069137553,2,240.999983488151,75.7134735167303,0
