"","Substrate","SS","MS","NumDF","DenDF","F","P"
"1","Coral",302.576083661918,151.288041830959,2,27.999987068115,16.9038598896763,1.53325722841435e-05
"2","Algae",54.4714287017368,27.2357143508684,2,30.0000005223652,29.9654096378682,7.05002283218903e-08
"3","Rubble",5.41789445414642,2.70894722707321,2,30.0000005236229,4.06825237819616,0.0273341461219738
"4","Sand",37.1148203997418,18.5574101998709,2,28.0000007875827,3.28334164019873,0.0523605849426561
"5","Mixed",129.550818913848,64.7754094569241,2,136.000009482731,34.0565244954419,1.02196029416746e-12
