"","Substrate","SS","MS","NumDF","DenDF","F","P"
"1","Coral",431.956480148575,215.978240074287,2,52.0000221896241,29.7345484804902,2.45510056728904e-09
"2","Algae",66.8960173433864,33.4480086716932,2,54.0000002980718,22.8616330530591,6.41395884182216e-08
"3","Rubble",6.25925509106103,3.12962754553051,2,54.0000026474868,4.69382580801797,0.0131979240570195
"4","Sand",54.1522237830639,27.0761118915319,2,53.9999968421129,6.19866817484224,0.00377193138976029
"5","Mixed",262.294050468116,131.147025234058,2,241.000026341812,75.0763475124227,0
