,Substrate,SS,MS,NumDF,DenDF,F,P
1,Coral,302.5760837,151.2880418,2,28,16.90385989,1.53E-05
2,Algae,54.4714287,27.23571435,2,30.00000052,29.96540964,7.05E-08
3,Rubble,5.417894454,2.708947227,2,30.00000052,4.068252378,0.027334146
4,Sand,37.1148204,18.5574102,2,28.00000079,3.28334164,0.052360585
5,Mixed,129.5508189,64.77540946,2,136.0000095,34.0565245,1.02E-12
